[
    {
        "createdAt": { "$date": "2023-12-04T11:30:59.978+00:00"},
        "createdBy": {
            "$oid": "656db8737e670f7ee4fce297"
        },
        "company": "Avamba",
        "position": "Senior Financial Analyst",
        "status": "interview",
        "workType": "contaract",
        "workLocation": "Indonesia"
    },
    {
        "createdAt": { "$date": "2023-12-04T11:30:59.978+00:00"},
        "createdBy" : {
            "$oid": "656db8737e670f7ee4fce297"
        },
        "company": "Aimbo",
        "position": "Payment Adjustment Coordinater",
        "status": "reject",
        "workType": "part-time",
        "workLocation": "Vietnam"
        
    },
    {
        "createdAt": { "$date": "2023-12-04T11:30:59.978+00:00"},
        "createdBy": {
            "$oid": "656db8737e670f7ee4fce297"
        },
        "company": "Katz",
        "position": "Quality Engineer",
        "status": "interview",
        "workType": "internship",
        "workLocation": "kuwait"
    },
    {
        "createdAt": { "$date": "2023-12-04T11:30:59.978+00:00"},
        "createdBy": {
            "$oid": "656db8737e670f7ee4fce297"
        },
        "company": "Blogspan",
        "position": "Paralegal",
        "status": "reject",
        "workType": "contaract",
        "workLocation": "Indonesia"
    },
    {
        "createdAt": { "$date": "2023-12-04T11:30:59.978+00:00"},
        "createdBy": {
            "$oid": "656db8737e670f7ee4fce297"
        },
        "company": "Linktype",
        "position": "Operator",
        "status": "interview",
        "workType": "internship",
        "workLocation": "Venezuela"
        
    },
    {
        "createdAt": { "$date": "2023-12-04T11:30:59.978+00:00"},
        "createdBy": {
            "$oid": "656db8737e670f7ee4fce297"
        },
        "company": "Oodoo",
        "position": "Accountant IT",
        "status": "pending",
        "workType": "part-time",
        "workLocation": "France"
    },
    {
        "createdAt": { "$date": "2023-12-04T11:30:59.978+00:00"},
        "createdBy": {
            "$oid": "656db8737e670f7ee4fce297"
        },
        "company": "Kwideo",
        "position": "Analog Circuit Design Manager",
        "status": "pending",
        "workType": "internship",
        "workLocation": "Jordan"
    },
    {
        "createdAt": { "$date": "2023-12-04T11:30:59.978+00:00"},
        "createdBy": {
            "$oid": "656db8737e670f7ee4fce297"
            
        },
        "company": "Gabvine",
        "position": "Systems Administrator ITI",
        "status": "interview",
        "workType": "internship",
        "workLocation": "Philippines"
    },
    {
        "createdAt": { "$date": "2023-12-04T11:30:59.978+00:00"},
        "createdBy": {
            "$oid": "656db8737e670f7ee4fce297"
        },
        "company": "Mydo",
        "position": "Chemical Engineer",
        "status": "interview",
        "workType": "internship",
        "workLocation": "Portugal"
    },
    {
        "createdAt": { "$date": "2023-12-04T11:30:59.978+00:00"},
        "createdBy": {
            "$oid": "656db8737e670f7ee4fce297"  
        },
        "company": "Devcast",
        "position": "Tax Accountant",
        "status": "reject",
        "workType": "contaract",
        "workLocation": "Iran"
    },
    {
        "createdAt": { "$date": "2023-12-04T11:30:59.978+00:00"},
        "createdBy": {
            "$oid": "656db8737e670f7ee4fce297"  
        },
        "company": "Jayo",
        "position": "Senior Developer",
        "status": "reject",
        "workType": "full-time",
        "workLocation": "Philippines"
    },
    {
        "createdAt": { "$date": "2023-12-04T11:30:59.978+00:00"},
        "createdBy": {
            "$oid": "656db8737e670f7ee4fce297"    
        },
        "company": "Meevee",
        "position": "Environmental Specialist",
        "status": "reject",
        "workType": "internship",
        "workLocation": "Poland"
    },
    {
        "createdAt": { "$date": "2023-12-04T11:30:59.978+00:00"},
        "createdBy": {
            "$oid": "656db8737e670f7ee4fce297"
            
        },
        "company": "Samsung",
        "position": "Accountant IT",
        "status": "interview",
        "workType": "full-time",
        "workLocation": "India"
    },
    {
        "createdAt": { "$date": "2023-12-04T11:30:59.978+00:00"},
        "createdBy": {
            "$oid": "656db8737e670f7ee4fce297"
            
        },
        "company": "HCL",
        "position": "Full-stack developer",
        "status": "pending",
        "workType": "full-time",
        "workLocation": "Noida"
    },
    {
        "createdAt": { "$date": "2023-12-04T11:30:59.978+00:00"},
        "createdBy": {
            "$oid": "656db8737e670f7ee4fce297"
            
        },
        "company": "HCL",
        "position": "Front-end developer",
        "status": "interview",
        "workType": "internship",
        "workLocation": "Gurugram"
    },
    {
        "createdAt": { "$date": "2023-12-04T11:30:59.978+00:00"},
        "createdBy": {
            "$oid": "656db8737e670f7ee4fce297"
            
        },
        "company": "HCL",
        "position": "Back-end developer",
        "status": "interview",
        "workType": "internship",
        "workLocation": "Noida"
    },
    {
        "createdAt": { "$date": "2023-12-04T11:30:59.978+00:00"},
        "createdBy": {
            "$oid": "656db8737e670f7ee4fce297"
            
        },
        "company": "Wipro",
        "position": "Full-stack developer",
        "status": "interview",
        "workType": "full-time",
        "workLocation": "Chennai"
    },
    {
        "createdAt": { "$date": "2023-12-04T11:30:59.978+00:00"},
        "createdBy": {
            "$oid": "656db8737e670f7ee4fce297"
            
        },
        "company": "Wipro",
        "position": "Back-end developer",
        "status": "pending",
        "workType": "internship",
        "workLocation": "Mumbai"
    },
    {
        "createdAt": { "$date": "2023-12-04T11:30:59.978+00:00"},
        "createdBy": {
            "$oid": "656db8737e670f7ee4fce297"
            
        },
        "company": "Wipro",
        "position": "Front-end developer",
        "status": "reject",
        "workType": "part-time",
        "workLocation": "Gurugram"
    },
    {
        "createdAt": { "$date": "2023-12-04T11:30:59.978+00:00"},
        "createdBy": {
            "$oid": "656db8737e670f7ee4fce297"
            
        },
        "company": "Tata chemicals",
        "position": "chemical engineer",
        "status": "interview",
        "workType": "full-time",
        "workLocation": "kanpur"
    },
    {
        "createdAt": { "$date": "2023-12-04T11:30:59.978+00:00"},
        "createdBy": {
            "$oid": "656db8737e670f7ee4fce297"
            
        },
        "company": "Tata Chemicals",
        "position": "Quality Engineer",
        "status": "interview",
        "workType": "internship",
        "workLocation": "Mumbai"
    },
    {
        "createdAt": { "$date": "2023-12-04T11:30:59.978+00:00"},
        "createdBy": {
            "$oid": "656db8737e670f7ee4fce297"
            
        },
        "company": "UPL Limited",
        "position": "Accountant IIT",
        "status": "interview",
        "workType": "full-time",
        "workLocation": "Uttar-Pradesh"
    },
    {
        "createdAt": { "$date": "2023-12-04T11:30:59.978+00:00"},
        "createdBy": {
            "$oid": "656db8737e670f7ee4fce297"
            
        },
        "company": "Atul Ltd",
        "position": "Systems Administrator ITI",
        "status": "pending",
        "workType": "internship",
        "workLocation": "Mumbai"
    },
    {
        "createdAt": { "$date": "2023-12-04T11:30:59.978+00:00"},
        "createdBy": {
            "$oid": "656db8737e670f7ee4fce297"
            
        },
        "company": "Cognizant",
        "position": "full-stack developer",
        "status": "interview",
        "workType": "full-time",
        "workLocation": "Gurugram"
    },
    {
        "createdAt": { "$date": "2023-12-04T11:30:59.978+00:00"},
        "createdBy": {
            "$oid": "656db8737e670f7ee4fce297"
            
        },
        "company": "Cognizant",
        "position": "Back-end developer",
        "status": "pending",
        "workType": "internship",
        "workLocation": "Noida"
    },
    {
        "createdAt": { "$date": "2023-12-04T11:30:59.978+00:00"},
        "createdBy": {
            "$oid": "656db8737e670f7ee4fce297"
            
        },
        "company": "Cognizant",
        "position": "Fornt-end developer",
        "status": "reject",
        "workType": "part-time",
        "workLocation": "Chennai"
    },
    {
        "createdAt": { "$date": "2023-12-04T11:30:59.978+00:00"},
        "createdBy": {
            "$oid": "656db8737e670f7ee4fce297"
            
        },
        "company": "Hexaware Technologies",
        "position": "UI designer",
        "status": "interview",
        "workType": "internship",
        "workLocation": "Ahmdabad"
    },
    {
        "createdAt": { "$date": "2023-12-04T11:30:59.978+00:00"},
        "createdBy": {
            "$oid": "656db8737e670f7ee4fce297"
            
        },
        "company": "Hexaware Technologies",
        "position": "Full-stack developer",
        "status": "pending",
        "workType": "part-time",
        "workLocation": "Jaipur"
    },
    {
        "createdAt": { "$date": "2023-12-04T11:30:59.978+00:00"},
        "createdBy": {
            "$oid": "656db8737e670f7ee4fce297"
            
        },
        "company": "TCS",
        "position": "Tester",
        "status": "interview",
        "workType": "internship",
        "workLocation": "Chennai"
    },
    {
        "createdAt": { "$date": "2023-12-04T11:30:59.978+00:00"},
        "createdBy": {
            "$oid": "656db8737e670f7ee4fce297"
            
        },
        "company": "TCS",
        "position": "Administrator Adviser",
        "status": "interview",
        "workType": "full-time",
        "workLocation": "Mumbai"
    }
]